{"cameraMode":{"drawMode":0,"name":"Shaded","section":"Shading Mode"},"sceneLighting":true,"audioPlay":false,"sceneViewState":{"m_AlwaysRefresh":false,"showFog":true,"showSkybox":true,"showFlares":true,"showImageEffects":true,"showParticleSystems":true,"showVisualEffectGraphs":true,"m_FxEnabled":true},"in2DMode":false,"pivot":{"x":-7.148788928985596,"y":2.823164463043213,"z":-2.920438766479492},"rotation":{"x":0.036291562020778659,"y":0.012223992496728897,"z":-0.0007966237026266754,"w":0.9991002082824707},"size":1.4277281761169434,"orthographic":false}