{"cameraMode":{"drawMode":0,"name":"Shaded","section":"Shading Mode"},"sceneLighting":true,"audioPlay":false,"sceneViewState":{"m_AlwaysRefresh":false,"showFog":true,"showSkybox":true,"showFlares":true,"showImageEffects":true,"showParticleSystems":true,"showVisualEffectGraphs":true,"m_FxEnabled":true},"in2DMode":false,"pivot":{"x":0.8720135688781738,"y":1.283448576927185,"z":9.525731086730957},"rotation":{"x":0.0273615512996912,"y":0.9177915453910828,"z":-0.06523693352937699,"w":0.39028194546699526},"size":1.4277281761169434,"orthographic":false}