{"cameraMode":{"drawMode":0,"name":"Shaded","section":"Shading Mode"},"sceneLighting":false,"audioPlay":false,"sceneViewState":{"m_AlwaysRefresh":false,"showFog":false,"showSkybox":false,"showFlares":false,"showImageEffects":false,"showParticleSystems":false,"showVisualEffectGraphs":true,"m_FxEnabled":true},"in2DMode":false,"pivot":{"x":0.2196994423866272,"y":0.8650590777397156,"z":0.08434486389160156},"rotation":{"x":0.0011012164177373052,"y":-0.9909808039665222,"z":0.0031924082431942226,"w":0.13274629414081574},"size":1.1614913940429688,"orthographic":false}