{"cameraMode":{"drawMode":0,"name":"Shaded","section":"Shading Mode"},"sceneLighting":false,"audioPlay":false,"sceneViewState":{"m_AlwaysRefresh":false,"showFog":true,"showSkybox":false,"showFlares":true,"showImageEffects":true,"showParticleSystems":true,"showVisualEffectGraphs":true,"m_FxEnabled":true},"in2DMode":false,"pivot":{"x":4.2500224113464359,"y":5.6970648765563969,"z":-8.911283493041993},"rotation":{"x":0.0004907166585326195,"y":-0.9997256994247437,"z":-0.010192790068686009,"w":0.009853623807430268},"size":6.634052753448486,"orthographic":false}