{"cameraMode":{"drawMode":0,"name":"Shaded","section":"Shading Mode"},"sceneLighting":false,"audioPlay":false,"sceneViewState":{"m_AlwaysRefresh":false,"showFog":false,"showSkybox":false,"showFlares":false,"showImageEffects":false,"showParticleSystems":false,"showVisualEffectGraphs":true,"m_FxEnabled":true},"in2DMode":false,"pivot":{"x":0.03834664821624756,"y":0.6425429582595825,"z":0.15484151244163514},"rotation":{"x":-0.05882294103503227,"y":0.8568992018699646,"z":-0.09944163262844086,"w":-0.502094566822052},"size":1.1614913940429688,"orthographic":false}